project,slot,width,height,short_edge,drive_filename
av-republica,01,2048,2868,2048,""
av-republica,02,2048,2048,2048,""
av-republica,03,2048,2868,2048,""
av-republica,04,2048,2868,2048,""
av-republica,05,1143,1600,1143,"ViterboAvRepublica0666.jpg"
av-republica,06,1143,1600,1143,"ViterboAvRepublica1113.jpg"
av-republica,07,1143,1600,1143,"ViterboAvRepublica0807.jpg"
av-republica,08,1600,1067,1067,"ViterboAvRepublica0732.jpg"
av-republica,09,1143,1600,1143,"ViterboAvRepublica0776.jpg"
av-republica,10,1067,1600,1067,"ViterboAvRepublica1098.jpg"
av-republica,hero,2048,3072,2048,""
bangkok-estate,01,1068,1600,1068,"Viterbo_15_04_197085-finals Edit.jpg"
bangkok-estate,02,1600,1191,1191,"Viterbo_16_04_197251-finals edit.jpg"
bangkok-estate,03,1600,1068,1068,"Viterbo_16_04_197350-finals.jpg"
bangkok-estate,04,1600,1068,1068,"Viterbo_16_04_197572-finals.jpg"
bangkok-estate,05,1600,1068,1068,"Viterbo_18_04_197964.jpg"
bangkok-estate,06,1167,1600,1167,"Viterbo_17_04_197691_.jpg"
bangkok-estate,07,1600,1068,1068,"Viterbo_18_04_198042_.jpg"
bangkok-estate,08,1600,1068,1068,"Viterbo_18_04_198227.jpg"
bangkok-estate,09,1068,1600,1068,"Viterbo_18_04_197957.jpg"
bangkok-estate,10,1256,1600,1256,"Viterbo_17_04_197876.jpg"
bangkok-estate,attract,1600,1068,1068,"Viterbo_15_04_197039-finals Edit.jpg"
bangkok-estate,hero,1600,1068,1068,"Viterbo_15_04_197039-finals Edit.jpg"
birre-house,01,1221,1600,1221,"FAD-ViD-2603__(048)__17--PRESS--HiResEdit.jpg"
birre-house,02,1280,1600,1280,"FAD-ViD-2603__(040)__17--PRESS--HiResEdit.jpg"
birre-house,03,1229,1600,1229,"FAD-ViD-2603__(057)__18--PRESS--HiResEdit.jpg"
birre-house,04,1222,1600,1222,"FAD-ViD-2603__(071)__17--PRESS--HiResEdit.jpg"
birre-house,05,1222,1600,1222,"FAD-ViD-2603__(052)__18--PRESS--HiResEdit.jpg"
birre-house,06,1600,1142,1142,"FAD-ViD-2603__(059)__18--PRESS--HiResEdit.jpg"
birre-house,07,1600,1046,1046,"FAD-ViD-2603__(010)__17--PRESS--HiResEdit.jpg"
birre-house,08,1600,1048,1048,"FAD-ViD-2603__(064)__18--PRESS--HiResEdit.jpg"
birre-house,09,1222,1600,1222,"FAD-ViD-2603__(049)__18--PRESS--HiResEdit.jpg"
birre-house,10,1600,1203,1203,"FAD-ViD-2603__(033)__17--PRESS--HiResEdit.jpg"
birre-house,attract,1222,1600,1222,"FAD-ViD-2603__(051)__18--PRESS--HiResEdit.jpg"
birre-house,hero,1222,1600,1222,"FAD-ViD-2603__(061)__18--PRESS--HiResEdit.jpg"
birre-villa,01,2048,2560,2048,"GracinhaViterboBirre0324.jpg"
birre-villa,02,2048,2048,2048,"GracinhaViterboBirre0501.jpg"
birre-villa,03,2048,2868,2048,"GracinhaViterboBirre0170.jpg"
birre-villa,04,2048,2868,2048,"GracinhaViterboBirre1098.jpg"
birre-villa,05,2048,2868,2048,"GracinhaViterboBirre0396.jpg"
birre-villa,06,2048,2868,2048,"GracinhaViterboBirre0014.jpg"
birre-villa,07,2048,3071,2048,"GracinhaViterboBirre0179.jpg"
birre-villa,08,2048,2048,2048,"GracinhaViterboBirre0528.jpg"
birre-villa,09,2048,2048,2048,"GracinhaViterboBirre0831.jpg"
birre-villa,10,2048,2868,2048,"GracinhaViterboBirre0978.jpg"
birre-villa,attract,2048,2868,2048,"GracinhaViterboBirre0203.jpg"
birre-villa,hero,2048,1366,1366,"GracinhaViterboBirre0438.jpg"
cabana-sass,01,1222,1600,1222,"FAD-VID-250929__(017)__HiRes(LARGE)-Press.jpg"
cabana-sass,02,1223,1600,1223,"FAD-VID-250929__(027)__HiRes(LARGE)-Press.jpg"
cabana-sass,03,1110,1600,1110,"FAD-VID-250929__(022)__HiRes(LARGE)-Press.jpg"
cabana-sass,04,1600,1046,1046,"FAD-VID-250929__(031)__HiRes(LARGE)-Press.jpg"
cabana-sass,05,1600,1046,1046,"FAD-VID-250929__(005)__HiRes(LARGE)-Press.jpg"
cabana-sass,06,1600,1095,1095,"FAD-VID-250929__(020)__HiRes(LARGE)-Press.jpg"
cabana-sass,07,1600,1477,1477,"FAD-VID-250929__(018)__HiRes(LARGE)-Press.jpg"
cabana-sass,08,1242,1600,1242,"FAD-VID-250929__(049)__HiRes(LARGE)-Press.jpg"
cabana-sass,09,1600,1089,1089,"FAD-VID-250929__(045)__HiRes(LARGE)-Press.jpg"
cabana-sass,10,1255,1600,1255,"FAD-VID-250929__(007)__HiRes(LARGE)-Press.jpg"
cabana-sass,attract,1222,1600,1222,"FAD-VID-250929__(017)__HiRes(LARGE)-Press.jpg"
cabana-sass,hero,1284,1600,1284,"FAD-VID-250929__(013)__HiRes(LARGE)-Press.jpg"
cascais-estate,01,1600,1064,1064,"JoseManuelFerrão2022_043.jpg"
cascais-estate,02,1600,1065,1065,"JoseManuelFerrão2022_049.jpg"
cascais-estate,03,1066,1600,1066,"JoseManuelFerrão2022_051.jpg"
cascais-estate,04,1068,1600,1068,"JoseManuelFerrão2022_052.jpg"
cascais-estate,05,1066,1600,1066,"JoseManuelFerrão2022_025.jpg"
cascais-estate,06,1064,1600,1064,"JoseManuelFerrão2022_026.jpg"
cascais-estate,07,1067,1600,1067,"JoseManuelFerrão2022_023.jpg"
cascais-estate,08,1600,1066,1066,"JoseManuelFerrão2022_024.jpg"
cascais-estate,09,1600,1067,1067,"JoseManuelFerrão2022_028.jpg"
cascais-estate,10,1064,1600,1064,"JoseManuelFerrão2022_042.jpg"
cascais-estate,attract,1066,1600,1066,"JoseManuelFerrão2022_048.jpg"
cascais-estate,hero,1600,1065,1065,"JoseManuelFerrão2022_045.jpg"
cascais-seafront,01,2048,2868,2048,""
cascais-seafront,02,2048,2868,2048,""
cascais-seafront,03,2048,3072,2048,""
cascais-seafront,04,2048,3072,2048,""
cascais-seafront,05,1600,1600,1600,"ViterboCascais0097.jpg"
cascais-seafront,06,1600,1067,1067,"ViterboCascais0278.jpg"
cascais-seafront,07,1600,1600,1600,"ViterboCascais0205.jpg"
cascais-seafront,08,1600,1600,1600,"ViterboCascais0079.jpg"
cascais-seafront,09,1600,1067,1067,"ViterboCascais0352.jpg"
cascais-seafront,10,1143,1600,1143,"ViterboCascais0324.jpg"
cascais-seafront,hero,2048,2868,2048,""
castilho-203,01,2048,2048,2048,""
castilho-203,02,2048,2868,2048,""
castilho-203,03,2048,1365,1365,""
castilho-203,04,2048,1518,1518,""
castilho-203,05,1600,1600,1600,"ViterboCastilho2030833.jpg"
castilho-203,06,1600,1067,1067,"ViterboCastilho2030006.jpg"
castilho-203,07,1600,1067,1067,"ViterboCastilho2030221.jpg"
castilho-203,08,2048,3072,2048,"ViterboCastilho2030026.jpg"
castilho-203,09,1143,1600,1143,"ViterboCastilho2030431.jpg"
castilho-203,10,1067,1600,1067,"ViterboCastilho2030527.jpg"
castilho-203,hero,2048,2048,2048,""
chelsea,01,2666,2000,2000,""
chelsea,02,1500,2000,1500,""
chelsea,03,1500,2000,1500,""
chelsea,04,2666,2000,2000,""
chelsea,05,1200,1600,1200,"SU1167_Viterbo_HalseySt_Hallway3_hero.jpg"
chelsea,06,1200,1600,1200,"SU1167_Viterbo_HalseySt_Kitchen3_hero.jpg"
chelsea,07,1200,1600,1200,"SU1167_Viterbo_HalseySt_Landing1_hero.jpg"
chelsea,08,1200,1600,1200,"SU1167_Viterbo_HalseySt_MasterBath1_hero.jpg"
chelsea,09,1200,1600,1200,"SU1167_Viterbo_HalseySt_DwnLoo1_hero.jpg"
chelsea,10,1600,1200,1200,"SU1167_Viterbo_HalseySt_Garden3_hero.jpg"
chelsea,attract,1500,2000,1500,""
chelsea,hero,1500,2000,1500,""
estoril-estate,01,2048,2868,2048,""
estoril-estate,02,2048,2321,2048,""
estoril-estate,03,2048,3072,2048,""
estoril-estate,04,2048,2868,2048,""
estoril-estate,05,1600,1067,1067,"ViterboPatino0951.jpg"
estoril-estate,06,1600,1067,1067,"ViterboPatino0854.jpg"
estoril-estate,07,1600,1143,1143,"ViterboPatino0580.jpg"
estoril-estate,08,1600,1067,1067,"ViterboPatino0643.jpg"
estoril-estate,09,1600,1067,1067,"ViterboPatino0616.jpg"
estoril-estate,10,1143,1600,1143,"ViterboPatino0883.jpg"
estoril-estate,attract,2048,3072,2048,""
estoril-estate,hero,2048,3072,2048,""
hotel-albatroz,01,1801,2358,1801,""
hotel-albatroz,02,1600,1134,1134,"FAD-GV.1909__#049__17-HRL.jpg"
hotel-albatroz,03,1801,2358,1801,""
hotel-albatroz,04,3123,1979,1979,""
hotel-albatroz,05,1600,952,952,"FAD-GV.1909__#002__17-HRL.jpg"
hotel-albatroz,06,1222,1600,1222,"FAD-GV.1909__#004__17-HRL.jpg"
hotel-albatroz,07,1600,1132,1132,"FAD-GV.1909__#034__17-HRL.jpg"
hotel-albatroz,08,1222,1600,1222,"FAD-GV.1909__#037__17-HRL.jpg"
hotel-albatroz,09,1407,1600,1407,"FAD-GV.1911__#013__19-HRL.jpg"
hotel-albatroz,10,1473,1600,1473,"FAD-GV.1911__#007__19-HRL.jpg"
hotel-albatroz,hero,1801,2358,1801,""
ivens,01,1600,1600,1600,"ViterboIvens1538.jpg"
ivens,02,1600,1067,1067,"ViterboIvens1688.jpg"
ivens,03,1500,1000,1000,"ViterboIvens1811.jpg"
ivens,04,2048,2560,2048,""
ivens,05,1356,1500,1356,"ViterboIvens1712.jpg"
ivens,06,1317,1500,1317,"ViterboIvens1640.jpg"
ivens,07,1500,1000,1000,"ViterboIvens1891.jpg"
ivens,08,1500,1000,1000,"ViterboIvens1955.jpg"
ivens,09,1500,1000,1000,"ViterboIvens1775.jpg"
ivens,10,1600,1067,1067,"ViterboIvens1931.jpg"
ivens,attract,2048,3072,2048,""
ivens,hero,1600,1600,1600,"ViterboIvens1601.jpg"
lisbon-palace,01,1600,1600,1600,"ViterboIvens1572.jpg"
lisbon-palace,02,2048,2560,2048,""
lisbon-palace,03,1600,1067,1067,"ViterboIvens1688.jpg"
lisbon-palace,04,1500,1000,1000,"ViterboIvens1891.jpg"
lisbon-palace,hero,1600,1600,1600,"ViterboIvens1601.jpg"
lisbon-pied-a-terre,01,1600,1259,1259,"2026 Lisbon Interior Design pied a terre (6).jpg"
lisbon-pied-a-terre,02,1222,1600,1222,"2026 Lisbon Interior Design pied a terre (4).jpg"
lisbon-pied-a-terre,03,1223,1600,1223,"2026 Lisbon Interior Design pied a terre (8).jpg"
lisbon-pied-a-terre,04,1223,1600,1223,"2026 Lisbon Interior Design pied a terre (2).jpg"
lisbon-pied-a-terre,05,1223,1600,1223,"2026 Lisbon Interior Design pied a terre (3).jpg"
lisbon-pied-a-terre,06,1280,1600,1280,"2026 Lisbon Interior Design pied a terre (5).jpg"
lisbon-pied-a-terre,attract,1280,1600,1280,"2026 Lisbon Interior Design pied a terre (1).jpg"
lisbon-pied-a-terre,hero,1222,1600,1222,"2026 Lisbon Interior Design pied a terre (7).jpg"
pasteis-de-belem,01,1245,1600,1245,"FAD-VID-250530__(020)__HiRes(LARGE)-Press.jpg"
pasteis-de-belem,02,1600,1162,1162,"FAD-VID-250530__(007)__HiRes(LARGE)-Press.jpg"
pasteis-de-belem,03,1141,1600,1141,"FAD-VID-250530__(024)__HiRes(LARGE)-Press.jpg"
pasteis-de-belem,04,1223,1600,1223,"FAD-VID-250530__(008)__HiRes(LARGE)-Press.jpg"
pasteis-de-belem,05,1600,1174,1174,"FAD-VID-250530__(005)__HiRes(LARGE)-Press.jpg"
pasteis-de-belem,06,1600,1148,1148,"FAD-VID-250530__(013)a__HiRes(LARGE)-Press.jpg"
pasteis-de-belem,07,1600,1149,1149,"FAD-VID-250530__(035)__HiRes(LARGE)-Press.jpg"
pasteis-de-belem,08,1243,1600,1243,"FAD-VID-250530__(030)__HiRes(LARGE)-Press.jpg"
pasteis-de-belem,09,1245,1600,1245,"FAD-VID-250530__(010)__HiRes(LARGE)-Press.jpg"
pasteis-de-belem,10,933,1600,933,"FAD-VID-250530__(032)__HiRes(LARGE)-Press.jpg"
pasteis-de-belem,attract,1227,1600,1227,"FAD-VID-250530__(006)__HiRes(LARGE)-Press.jpg"
pasteis-de-belem,hero,1600,1012,1012,"FAD-VID-250530__(003)__HiRes(LARGE)-Press.jpg"
porto-villa,01,1600,1067,1067,"Viterbo Interior Design-Settes House_0066.jpg"
porto-villa,02,1600,1059,1059,"Viterbo Interior Design-Settes House_0081.jpg"
porto-villa,03,1600,1065,1065,"Viterbo Interior Design-Settes House_0087.jpg"
porto-villa,04,1065,1600,1065,"Viterbo Interior Design-Settes House_0090.jpg"
porto-villa,05,1067,1600,1067,"Viterbo Interior Design-Settes House_0060.jpg"
porto-villa,06,1600,1064,1064,"Viterbo Interior Design-Settes House_0075.jpg"
porto-villa,07,1600,1068,1068,"Viterbo Interior Design-Settes House_0078.jpg"
porto-villa,08,1067,1600,1067,"Viterbo Interior Design-Settes House_0084.jpg"
porto-villa,09,1066,1600,1066,"Viterbo Interior Design-Settes House_0093.jpg"
porto-villa,10,1065,1600,1065,"Viterbo Interior Design-Settes House_0100.jpg"
porto-villa,attract,1065,1600,1065,"Viterbo Interior Design-Settes House_0070.jpg"
porto-villa,hero,1065,1600,1065,"Viterbo Interior Design-Settes House_0070.jpg"
rio-de-janeiro,01,1600,1067,1067,"140320_VITERBO_027_Fran_Parente_8823.jpg"
rio-de-janeiro,02,1600,1067,1067,"140320_VITERBO_003_Fran_Parente_8697.jpg"
rio-de-janeiro,03,1067,1600,1067,"140320_VITERBO_040_Fran_Parente_8849.jpg"
rio-de-janeiro,04,1067,1600,1067,"140320_VITERBO_044_Fran_Parente_8864.jpg"
rio-de-janeiro,hero,1600,1066,1066,"140320_VITERBO_008_Fran_Parente_8716.jpg"
services,construction-drawings,2175,925,925,"BSCAS_GV.01.04.02_COZINHA_REV02.jpg"
services,interior-architecture,1600,1068,1068,"JoseManuelFerrão2022_035.jpg"
services,interior-design,1600,1066,1066,"JoseManuelFerrão2022_024.jpg"
services,turnkey,1600,1065,1065,"JoseManuelFerrão2022_010.jpg"
singapore-penthouse,05,1600,1200,1200,"Singapore Penthouse.jpg"
singapore-penthouse,06,1200,1600,1200,"singapore Penthouse (7).jpg"
singapore-penthouse,07,1200,1600,1200,"singapore Penthouse (8).jpg"
singapore-penthouse,08,1200,1600,1200,"singapore Penthouse (5).jpg"
singapore-penthouse,09,1200,1600,1200,"singapore Penthouse (9).jpg"
studio,gracinha-miguel,1080,1350,1080,"Miguel and Gracinha.jpg"
tuscany-estate,01,1600,1066,1066,"ViterboID- Tuscany (22).jpg"
tuscany-estate,02,1065,1600,1065,"ViterboID- Tuscany (38).jpg"
tuscany-estate,03,1070,1600,1070,"ViterboID- Tuscany (46).jpg"
tuscany-estate,04,1049,1600,1049,"ViterboID- Tuscany (70).jpg"
tuscany-estate,05,1067,1600,1067,"ViterboID- Tuscany (14).jpg"
tuscany-estate,06,1065,1600,1065,"ViterboID- Tuscany (26).jpg"
tuscany-estate,07,1066,1600,1066,"ViterboID- Tuscany (58).jpg"
tuscany-estate,08,1600,1065,1065,"ViterboID- Tuscany (42).jpg"
tuscany-estate,09,1069,1600,1069,"ViterboID- Tuscany (78).jpg"
tuscany-estate,10,1068,1600,1068,"ViterboID- Tuscany (54).jpg"
tuscany-estate,attract,1067,1600,1067,"ViterboID- Tuscany (10).jpg"
tuscany-estate,hero,1066,1600,1066,"ViterboID- Tuscany (18).jpg"
